0,1
sabi (1010).jpg,0
sabi (640).jpg,0
sabi (1050).jpg,0
sabi (902).jpg,0
sabi (593).jpg,0
sabi (606).jpg,0
sabi (915).jpg,0
sabi (712).jpg,0
sabi (571).jpg,0
sabi (1017).jpg,0
sabi (862).jpg,0
sabi (965).jpg,0
sabi (648).jpg,0
sabi (1040).jpg,0
sabi (1018).jpg,0
sabi (90).jpg,0
sabi (867).jpg,0
sabi (768).jpg,0
sabi (863).jpg,0
sabi (749).jpg,0
sabi (511).jpg,0
sabi (806).jpg,0
sabi (879).jpg,0
sabi (1038).jpg,0
sabi (914).jpg,0
sabi (973).jpg,0
sabi (603).jpg,0
sabi (891).jpg,0
sabi (758).jpg,0
sabi (1013).jpg,0
sabi (811).jpg,0
sabi (496).jpg,0
sabi (975).jpg,0
sabi (455).jpg,0
sabi (1002).jpg,0
sabi (843).jpg,0
sabi (195).jpg,0
sabi (937).jpg,0
sabi (654).jpg,0
sabi (775).jpg,0
sabi (945).jpg,0
sabi (938).jpg,0
sabi (633).jpg,0
sabi (497).jpg,0
sabi (1035).jpg,0
sabi (881).jpg,0
sabi (554).jpg,0
sabi (1054).jpg,0
sabi (1037).jpg,0
sabi (939).jpg,0
sabi (935).jpg,0
sabi (674).jpg,0
sabi (919).jpg,0
sabi (848).jpg,0
sabi (1023).jpg,0
sabi (707).jpg,0
sabi (1044).jpg,0
sabi (684).jpg,0
sabi (501).jpg,0
sabi (1045).jpg,0
sabi (907).jpg,0
sabi (719).jpg,0
sabi (767).jpg,0
sabi (644).jpg,0
sabi (873).jpg,0
sabi (964).jpg,0
sabi (533).jpg,0
sabi (340).jpg,0
sabi (868).jpg,0
sabi (904).jpg,0
sabi (950).jpg,0
sabi (647).jpg,0
sabi (960).jpg,0
sabi (1028).jpg,0
sabi (869).jpg,0
sabi (429).jpg,0
sabi (981).jpg,0
sabi (383).jpg,1
sabi (447).jpg,1
sabi (944).jpg,1
sabi (911).jpg,1
sabi (378).jpg,1
sabi (449).jpg,1
sabi (954).jpg,1
sabi (430).jpg,1
sabi (576).jpg,1
sabi (629).jpg,1
sabi (504).jpg,1
sabi (60).jpg,1
sabi (192).jpg,1
sabi (204).jpg,1
sabi (464).jpg,1
sabi (246).jpg,1
sabi (232).jpg,1
sabi (622).jpg,1
sabi (828).jpg,1
sabi (117).jpg,1
sabi (381).jpg,1
sabi (581).jpg,1
sabi (1009).jpg,1
sabi (541).jpg,1
sabi (83).jpg,1
sabi (431).jpg,1
sabi (450).jpg,1
sabi (723).jpg,1
sabi (853).jpg,1
sabi (426).jpg,1
sabi (912).jpg,1
sabi (463).jpg,1
sabi (478).jpg,1
sabi (290).jpg,1
sabi (403).jpg,1
sabi (556).jpg,1
sabi (335).jpg,1
sabi (681).jpg,1
sabi (38).jpg,1
sabi (562).jpg,1
sabi (58).jpg,1
sabi (462).jpg,1
sabi (400).jpg,1
sabi (313).jpg,1
sabi (471).jpg,1
sabi (916).jpg,1
sabi (199).jpg,1
sabi (133).jpg,1
sabi (50).jpg,1
sabi (296).jpg,1
sabi (784).jpg,1
sabi (766).jpg,2
sabi (776).jpg,2
sabi (165).jpg,2
sabi (498).jpg,2
sabi (285).jpg,2
sabi (813).jpg,2
sabi (184).jpg,2
sabi (466).jpg,2
sabi (480).jpg,2
sabi (72).jpg,2
sabi (163).jpg,2
sabi (218).jpg,2
sabi (88).jpg,2
sabi (757).jpg,2
sabi (787).jpg,2
sabi (80).jpg,2
sabi (259).jpg,2
sabi (410).jpg,2
sabi (423).jpg,2
sabi (485).jpg,2
sabi (76).jpg,2
sabi (212).jpg,2
sabi (434).jpg,2
sabi (129).jpg,2
sabi (796).jpg,2
sabi (159).jpg,2
sabi (268).jpg,2
sabi (28).jpg,2
sabi (78).jpg,2
sabi (201).jpg,2
sabi (181).jpg,2
sabi (130).jpg,2
sabi (145).jpg,2
sabi (432).jpg,2
sabi (138).jpg,2
sabi (168).jpg,2
sabi (106).jpg,2
sabi (77).jpg,2
sabi (983).jpg,2
sabi (341).jpg,2
sabi (221).jpg,2
sabi (486).jpg,2
sabi (94).jpg,2
sabi (142).jpg,2
sabi (22).jpg,2
sabi (227).jpg,2
sabi (592).jpg,2
sabi (830).jpg,2
sabi (514).jpg,2
sabi (189).jpg,2
sabi (451).jpg,2
sabi (295).jpg,2
sabi (338).jpg,2
sabi (300).jpg,2
sabi (219).jpg,2
sabi (93).jpg,2
sabi (224).jpg,2
sabi (200).jpg,2
sabi (550).jpg,2
sabi (405).jpg,2
sabi (494).jpg,2
sabi (30).jpg,2
sabi (157).jpg,2
sabi (123).jpg,2
sabi (213).jpg,2
sabi (202).jpg,2
sabi (332).jpg,2
sabi (146).jpg,2
sabi (520).jpg,2
sabi (535).jpg,2
sabi (359).jpg,2
sabi (167).jpg,2
sabi (214).jpg,3
sabi (1059).jpg,3
sabi (299).jpg,3
sabi (888).jpg,3
sabi (120).jpg,3
sabi (275).jpg,3
sabi (351).jpg,3
sabi (660).jpg,3
sabi (560).jpg,3
sabi (104).jpg,3
sabi (6).jpg,3
sabi (1027).jpg,3
sabi (52).jpg,3
sabi (43).jpg,3
sabi (215).jpg,3
sabi (531).jpg,3
sabi (96).jpg,3
sabi (3).jpg,3
sabi (704).jpg,3
sabi (375).jpg,3
sabi (208).jpg,3
sabi (459).jpg,3
sabi (820).jpg,3
sabi (71).jpg,3
sabi (174).jpg,3
sabi (317).jpg,3
sabi (62).jpg,3
sabi (845).jpg,3
sabi (990).jpg,3
sabi (73).jpg,3
sabi (552).jpg,3
sabi (226).jpg,3
sabi (240).jpg,3
sabi (546).jpg,3
sabi (35).jpg,3
sabi (1058).jpg,3
sabi (89).jpg,3
sabi (205).jpg,3
sabi (442).jpg,3
sabi (307).jpg,4
sabi (847).jpg,4
sabi (503).jpg,4
sabi (279).jpg,4
sabi (838).jpg,4
sabi (424).jpg,4
sabi (672).jpg,4
sabi (737).jpg,4
sabi (206).jpg,4
sabi (170).jpg,4
sabi (408).jpg,4
sabi (428).jpg,4
sabi (488).jpg,4
sabi (364).jpg,4
sabi (239).jpg,4
sabi (526).jpg,4
sabi (899).jpg,4
sabi (701).jpg,4
sabi (445).jpg,4
sabi (196).jpg,4
sabi (222).jpg,4
sabi (597).jpg,4
sabi (585).jpg,4
sabi (395).jpg,4
sabi (710).jpg,4
sabi (59).jpg,4
sabi (500).jpg,4
sabi (354).jpg,4
sabi (342).jpg,4
sabi (765).jpg,4
sabi (631).jpg,4
sabi (371).jpg,4
sabi (178).jpg,4
sabi (160).jpg,4
sabi (505).jpg,4
sabi (580).jpg,4
sabi (277).jpg,4
sabi (250).jpg,4
sabi (49).jpg,4
sabi (323).jpg,4
sabi (433).jpg,4
sabi (475).jpg,4
sabi (726).jpg,4
sabi (598).jpg,4
sabi (252).jpg,4
sabi (333).jpg,4
sabi (453).jpg,4
sabi (666).jpg,4
sabi (537).jpg,4
sabi (517).jpg,4
sabi (247).jpg,4
sabi (771).jpg,4
sabi (751).jpg,4
sabi (380).jpg,4
sabi (574).jpg,4
sabi (394).jpg,4
sabi (283).jpg,4
sabi (302).jpg,4
sabi (675).jpg,4
sabi (454).jpg,4
sabi (27).jpg,4
sabi (636).jpg,4
sabi (315).jpg,4
sabi (604).jpg,4
sabi (63).jpg,4
sabi (176).jpg,4
sabi (850).jpg,4
sabi (260).jpg,4
sabi (596).jpg,4
sabi (618).jpg,4
sabi (699).jpg,4
sabi (932).jpg,4
sabi (807).jpg,4
sabi (437).jpg,4
sabi (641).jpg,4
sabi (336).jpg,4
sabi (84).jpg,4
sabi (280).jpg,4
sabi (832).jpg,4
sabi (799).jpg,4
sabi (358).jpg,4
sabi (306).jpg,4
sabi (824).jpg,4
sabi (244).jpg,4
sabi (448).jpg,4
sabi (691).jpg,4
sabi (611).jpg,4
sabi (518).jpg,4
sabi (132).jpg,4
sabi (524).jpg,4
sabi (156).jpg,4
sabi (523).jpg,4
sabi (559).jpg,5
sabi (521).jpg,5
sabi (635).jpg,5
sabi (716).jpg,5
sabi (502).jpg,5
sabi (827).jpg,5
sabi (979).jpg,5
sabi (835).jpg,5
sabi (356).jpg,5
sabi (414).jpg,5
sabi (903).jpg,5
sabi (883).jpg,5
sabi (738).jpg,5
sabi (216).jpg,5
sabi (578).jpg,5
sabi (729).jpg,5
sabi (141).jpg,5
sabi (1011).jpg,5
sabi (805).jpg,5
sabi (933).jpg,5
sabi (825).jpg,5
sabi (617).jpg,5
sabi (885).jpg,5
sabi (844).jpg,5
sabi (345).jpg,5
sabi (728).jpg,5
sabi (331).jpg,5
sabi (667).jpg,5
sabi (948).jpg,5
sabi (9).jpg,5
sabi (786).jpg,5
sabi (782).jpg,5
sabi (385).jpg,5
sabi (399).jpg,5
sabi (995).jpg,5
sabi (625).jpg,5
sabi (952).jpg,5
sabi (812).jpg,5
sabi (628).jpg,5
sabi (764).jpg,5
sabi (662).jpg,5
sabi (926).jpg,5
sabi (515).jpg,5
sabi (577).jpg,5
sabi (651).jpg,5
sabi (411).jpg,5
sabi (882).jpg,5
sabi (818).jpg,5
sabi (770).jpg,5
sabi (846).jpg,5
sabi (1019).jpg,5
sabi (866).jpg,5
sabi (567).jpg,6
sabi (650).jpg,6
sabi (4).jpg,6
sabi (12).jpg,6
sabi (328).jpg,6
sabi (115).jpg,6
sabi (125).jpg,6
sabi (310).jpg,6
sabi (14).jpg,6
sabi (7).jpg,6
sabi (542).jpg,6
sabi (79).jpg,6
sabi (105).jpg,6
sabi (1000).jpg,6
sabi (8).jpg,6
sabi (31).jpg,6
sabi (468).jpg,6
sabi (48).jpg,6
sabi (257).jpg,6
sabi (2).jpg,6
sabi (113).jpg,6
sabi (21).jpg,6
sabi (294).jpg,6
sabi (267).jpg,6
sabi (91).jpg,6
sabi (281).jpg,6
sabi (977).jpg,6
sabi (254).jpg,6
sabi (209).jpg,6
sabi (92).jpg,6
sabi (44).jpg,6
sabi (121).jpg,6
sabi (510).jpg,6
sabi (270).jpg,6
sabi (460).jpg,6
sabi (623).jpg,6
sabi (126).jpg,6
sabi (128).jpg,6
sabi (369).jpg,6
sabi (479).jpg,6
sabi (151).jpg,6
sabi (412).jpg,6
sabi (95).jpg,6
sabi (29).jpg,6
sabi (509).jpg,6
sabi (108).jpg,6
sabi (32).jpg,6
sabi (607).jpg,6
sabi (388).jpg,6
sabi (53).jpg,6
sabi (234).jpg,6
sabi (731).jpg,6
sabi (303).jpg,6
sabi (155).jpg,6
sabi (19).jpg,6
sabi (589).jpg,6
sabi (127).jpg,6
sabi (11).jpg,6
sabi (173).jpg,6
sabi (747).jpg,6
sabi (288).jpg,6
sabi (191).jpg,6
sabi (17).jpg,6
sabi (124).jpg,6
sabi (347).jpg,6
sabi (809).jpg,6
sabi (140).jpg,6
sabi (82).jpg,6
sabi (291).jpg,6
sabi (15).jpg,6
sabi (638).jpg,6
sabi (588).jpg,6
sabi (1).jpg,6
sabi (183).jpg,6
sabi (258).jpg,6
sabi (86).jpg,6
sabi (47).jpg,6
sabi (612).jpg,6
sabi (236).jpg,6
sabi (193).jpg,6
sabi (116).jpg,6
sabi (418).jpg,6
sabi (653).jpg,6
sabi (256).jpg,6
sabi (42).jpg,6
sabi (66).jpg,6
sabi (711).jpg,6
sabi (396).jpg,6
sabi (248).jpg,6
sabi (670).jpg,6
sabi (134).jpg,6
